{
  "Poseidon-1": {
    "CC_12": 0.37126689953570585,
    "NRMSE_12": 0.13498985341197042,
    "CC_24": 0.6160168382301718,
    "NRMSE_24": 0.13624564682124468,
    "CC_36": 0.4565838249053603,
    "NRMSE_36": 0.1450043551240233
  },
  "Boreas-1": {
    "CC_12": 0.5803730028939256,
    "NRMSE_12": 0.11167310176590607,
    "CC_24": 0.6346425742695576,
    "NRMSE_24": 0.1086321918155948,
    "CC_36": 0.2881203804326847,
    "NRMSE_36": 0.14195992508398275
  }
}