{
  "VP": {
    "p1": 2915.060347,
    "p50": 4426.1941,
    "p99": 5224.7163,
    "mean": 4216.814754920477,
    "std": 638.5602830033811,
    "n": 2012
  },
  "VS": {
    "p1": 1495.505052,
    "p50": 2721.61865,
    "p99": 3417.389014999999,
    "mean": 2606.205822539761,
    "std": 523.061442647544,
    "n": 2012
  },
  "RHOB": {
    "p1": 2.1894,
    "p50": 2.4703,
    "p99": 2.7271,
    "mean": 2.4832524353876737,
    "std": 0.10234492399833006,
    "n": 2012
  },
  "NPHI": {
    "p1": 0.0269,
    "p50": 0.1167,
    "p99": 0.449,
    "mean": 0.1615241564792176,
    "std": 0.10143892326127003,
    "n": 2045
  },
  "GR": {
    "p1": 0.0,
    "p50": 45.9009,
    "p99": 178.5333,
    "mean": 56.56116132029341,
    "std": 49.917767869330135,
    "n": 2045
  },
  "PHIE": {
    "p1": 0.0,
    "p50": 0.091,
    "p99": 0.2397,
    "mean": 0.09226024449877752,
    "std": 0.05160693930840402,
    "n": 2045
  },
  "VSH": {
    "p1": 0.0,
    "p50": 0.1758,
    "p99": 1.0,
    "mean": 0.30149002444987777,
    "std": 0.31871808431540494,
    "n": 2045
  },
  "SW": {
    "p1": 0.0561,
    "p50": 0.8729,
    "p99": 1.0,
    "mean": 0.682800293398533,
    "std": 0.3458944432310306,
    "n": 2045
  },
  "PI": {
    "p1": 6588.9363309948,
    "p50": 11158.736446635,
    "p99": 13565.861989282199,
    "mean": 10473.617946909204,
    "std": 1646.5144893015076,
    "n": 2012
  },
  "SI": {
    "p1": 3946.9786551499997,
    "p50": 6811.683489104999,
    "p99": 8635.5512594902,
    "mean": 6458.509182029402,
    "std": 1270.528433712163,
    "n": 2012
  },
  "VPVS": {
    "p1": 1.453646584739185,
    "p50": 1.5398406858581837,
    "p99": 2.08274938400631,
    "mean": 1.6435704330752696,
    "std": 0.18101118021889126,
    "n": 2012
  }
}