{
  "sigma_p": 669.9415122598816,
  "sigma_s": 613.7417879828221
}